<?xml version="1.0" encoding="UTF-8"?>
<metadata xml:lang="en"><Esri><CreaDate>20140813</CreaDate><CreaTime>15214800</CreaTime><ArcGISFormat>1.0</ArcGISFormat><SyncOnce>TRUE</SyncOnce><DataProperties><lineage><Process Name="Times (9)" ToolSource="c:\program files (x86)\arcgis\desktop10.1\ArcToolbox\Toolboxes\Spatial Analyst Tools.tbx\Times" Date="20140813" Time="152148">Times WestAfrica_A2530Prop_FINAL.tif GHA14adjv1.tif F:\WorldPop\Ebola\AgeGroupMaps2014v2\GHA14_A2530.TIF</Process></lineage><itemProps><itemLocation><linkage Sync="TRUE">file://\\UOS-208508\F$\WorldPop\Ebola\AgeGroupMaps2014v2\GHA\GHA14_A2530.TIF</linkage><protocol Sync="TRUE">Local Area Network</protocol></itemLocation></itemProps><copyHistory><copy source="F:\WorldPop\Ebola\AgeGroupMaps2014v2\GHA14_A2530.TIF" dest="\\UOS-208508\F$\WorldPop\Ebola\AgeGroupMaps2014v2\GHA\GHA14_A2530.TIF" date="20140813" time="16462900"></copy></copyHistory></DataProperties></Esri></metadata>
