<?xml version="1.0" encoding="UTF-8"?>
<metadata xml:lang="en"><Esri><CreaDate>20150426</CreaDate><CreaTime>20385500</CreaTime><ArcGISFormat>1.0</ArcGISFormat><SyncOnce>TRUE</SyncOnce><DataProperties><lineage><Process ToolSource="c:\program files (x86)\arcgis\desktop10.1\ArcToolbox\Toolboxes\Data Management Tools.tbx\CopyRaster" Date="20150426" Time="203857">CopyRaster C:\Users\aegaug02\Research\Population\Data\RF\output\NPL\tmp\times_ras C:\Users\aegaug02\Research\Population\Data\RF\\output\NPL\NPL_ppp_v2c_2015_UNadj.tif DEFAULTS 0 -999 NONE NONE 32_BIT_FLOAT NONE NONE</Process><Process ToolSource="c:\program files (x86)\arcgis\desktop10.1\ArcToolbox\Toolboxes\Data Management Tools.tbx\BuildPyramids" Date="20150426" Time="203857">BuildPyramids C:\Users\aegaug02\Research\Population\Data\RF\\output\NPL\NPL_ppp_v2c_2015_UNadj.tif 0 NONE NEAREST DEFAULT 75 OVERWRITE</Process></lineage></DataProperties></Esri></metadata>
