<PAMDataset>
  <Metadata/>
  <Metadata domain="ESRI">
    <MDI key="PyramidResamplingType">NEAREST</MDI>
  </Metadata>
  <PAMRasterBand band="1">
    <Histograms>
      <HistItem>
        <HistMin>0</HistMin>
        <HistMax>5559.50927734375</HistMax>
        <BucketCount>256</BucketCount>
        <IncludeOutOfRange>1</IncludeOutOfRange>
        <Approximate>0</Approximate>
        <HistCounts>27139777|80148|42518|22872|19716|27351|4949|4163|3066|1052|1520|970|1062|560|387|342|324|429|264|230|233|121|156|288|81|81|63|88|54|100|65|39|29|61|72|94|7|15|42|55|12|37|26|11|2|27|12|10|11|8|14|2|5|15|3|4|10|7|11|6|95|1|5|2|4|2|17|3|29|3|1|2|4|0|1|1|11|1|2|3|8|0|0|4|0|76|2|0|0|3|1|0|2|0|0|1|0|0|1|0|1|0|0|1|0|0|1|0|3|1|2|0|0|18|0|0|0|2|0|0|0|1|0|0|0|0|0|0|0|0|22|0|0|0|0|0|0|0|0|1|0|0|0|1|0|0|0|0|0|0|0|0|0|0|0|0|0|0|0|0|0|2|0|0|0|0|0|0|0|0|0|0|0|0|1|0|0|0|0|0|0|0|0|0|0|0|0|1|0|0|0|0|0|0|0|0|0|0|0|0|0|0|0|0|0|0|0|0|0|0|0|0|0|0|0|0|1|0|0|0|0|0|0|0|0|0|0|0|0|0|0|0|0|0|0|0|0|0|0|0|0|0|0|0|0|0|0|0|0|0|0|0|0|0|0|1</HistCounts>
      </HistItem>
    </Histograms>
  </PAMRasterBand>
</PAMDataset>
