<?xml version="1.0" encoding="UTF-8"?>
<metadata xml:lang="en"><Esri><CreaDate>20140813</CreaDate><CreaTime>15211600</CreaTime><ArcGISFormat>1.0</ArcGISFormat><SyncOnce>TRUE</SyncOnce><DataProperties><lineage><Process Name="Times (3)" ToolSource="c:\program files (x86)\arcgis\desktop10.1\ArcToolbox\Toolboxes\Spatial Analyst Tools.tbx\Times" Date="20140813" Time="152116">Times WestAfrica_A5560Prop_FINAL.tif GHA14adjv1.tif F:\WorldPop\Ebola\AgeGroupMaps2014v2\GHA14_A5560.TIF</Process></lineage><itemProps><itemLocation><linkage Sync="TRUE">file://\\UOS-208508\F$\WorldPop\Ebola\AgeGroupMaps2014v2\GHA\GHA14_A5560.TIF</linkage><protocol Sync="TRUE">Local Area Network</protocol></itemLocation></itemProps><copyHistory><copy source="F:\WorldPop\Ebola\AgeGroupMaps2014v2\GHA14_A5560.TIF" dest="\\UOS-208508\F$\WorldPop\Ebola\AgeGroupMaps2014v2\GHA\GHA14_A5560.TIF" date="20140813" time="16464800"></copy></copyHistory></DataProperties></Esri></metadata>
